Year-Month,Original Return (%),Z-Score,Adjusted Return (%),Adjustment
2021-04,58.995220890564084,3.2967802196209246,9.328934299696531,49.66628659086756
