Year-Month,Original Return (%),Z-Score,Adjusted Return (%),Adjustment
2021-05,43.17508001622365,4.059636561894327,6.020686928323105,37.154393087900544
