Year-Month,Original Return (%),Z-Score,Adjusted Return (%),Adjustment
2021-01,59.33170680669229,3.5283842372516214,10.845603507904357,48.48610329878793
