Year-Month,Original Return (%),Z-Score,Adjusted Return (%),Adjustment
2021-05,51.708173461076015,3.4806479979546623,10.338957190062095,41.36921627101392
