Year-Month,Original Return (%),Z-Score,Adjusted Return (%),Adjustment
2024-12,38.555769154921514,3.5043661532502286,6.344624964568404,32.21114419035311
