Year-Month,Original Return (%),Z-Score,Adjusted Return (%),Adjustment
2021-02,41.47697587502819,3.4143244265284713,7.8603480409820135,33.61662783404618
