Year-Month,Original Return (%),Z-Score,Adjusted Return (%),Adjustment
2024-11,64.00165664921256,4.170217966380562,7.104623711797083,56.89703293741548
