Year-Month,Original Return (%),Z-Score,Adjusted Return (%),Adjustment
2021-02,59.55748565804999,4.888961417386644,6.612910674541599,52.94457498350839
