Year-Month,Original Return (%),Z-Score,Adjusted Return (%),Adjustment
2021-02,35.15222570305993,3.0120084219318777,8.11272573606083,27.039499966999102
