Year-Month,Original Return (%),Z-Score,Adjusted Return (%),Adjustment
2021-01,51.928665989049286,3.5430622519568917,8.015548305018688,43.913117684030595
