Year-Month,Original Return (%),Z-Score,Adjusted Return (%),Adjustment
2021-01,47.05612640929664,4.528250261843696,5.699361007512563,41.356765401784074
