Year-Month,Original Return (%),Z-Score,Adjusted Return (%),Adjustment
2021-01,53.46548891632166,3.745479949790789,6.225103090941835,47.240385825379825
