Year-Month,Original Return (%),Z-Score,Adjusted Return (%),Adjustment
2021-09,70.06495008146531,4.008443299206783,10.249119827874049,59.815830253591265
