Year-Month,Original Return (%),Z-Score,Adjusted Return (%),Adjustment
2021-01,52.28624200073075,3.237704526226099,8.477144630226839,43.80909737050391
