Year-Month,Original Return (%),Z-Score,Adjusted Return (%),Adjustment
2021-05,51.113741700520606,3.548299749357651,9.901083330965411,41.21265836955519
