Year-Month,Original Return (%),Z-Score,Adjusted Return (%),Adjustment
2024-03,62.92269109143718,3.7733782480797347,10.485422555856163,52.43726853558102
