Year-Month,Original Return (%),Z-Score,Adjusted Return (%),Adjustment
2021-02,96.70428552132347,5.615651281126688,7.815063213993478,88.88922230732999
