Year-Month,Original Return (%),Z-Score,Adjusted Return (%),Adjustment
2020-11,40.24521620465471,3.4363661975867155,8.459944027123218,31.785272177531493
