Year-Month,Original Return (%),Z-Score,Adjusted Return (%),Adjustment
2021-01,88.74272288082483,5.751518629864731,7.728877044783541,81.01384583604128
