Year-Month,Original Return (%),Z-Score,Adjusted Return (%),Adjustment
2024-12,56.00567800242946,3.8295915742941284,8.488605636978303,47.517072365451156
