Year-Month,Original Return (%),Z-Score,Adjusted Return (%),Adjustment
2021-01,44.31030837295935,4.181037447474627,5.7921357015441215,38.51817267141523
