Year-Month,Original Return (%),Z-Score,Adjusted Return (%),Adjustment
2021-04,36.790355156278395,3.112712507887179,8.222610570185527,28.567744586092868
