Year-Month,Original Return (%),Z-Score,Adjusted Return (%),Adjustment
2021-05,52.39136431845619,4.421506897088805,6.193703170855613,46.19766114760058
