Year-Month,Original Return (%),Z-Score,Adjusted Return (%),Adjustment
2021-02,91.79129376946639,5.163623207869396,8.369360748068942,83.42193302139745
