Year-Month,Original Return (%),Z-Score,Adjusted Return (%),Adjustment
2021-05,40.222691844600966,3.5870309010163925,7.164991220007822,33.057700624593146
