Year-Month,Original Return (%),Z-Score,Adjusted Return (%),Adjustment
2020-11,43.714464913386266,3.77256880556549,6.643052781512984,37.07141213187328
