Year-Month,Original Return (%),Z-Score,Adjusted Return (%),Adjustment
2021-01,96.17501609566223,5.701460377330144,7.589704791564911,88.58531130409732
