Year-Month,Original Return (%),Z-Score,Adjusted Return (%),Adjustment
2021-01,31.18181760137815,3.4078803227362733,6.341741116113925,24.840076485264223
