Year-Month,Original Return (%),Z-Score,Adjusted Return (%),Adjustment
2024-04,30.079784052505577,3.164263701129131,2.0475982160780672,28.03218583642751
