Year-Month,Original Return (%),Z-Score,Adjusted Return (%),Adjustment
2020-12,32.78791812262618,3.0970896871166684,5.68228783055512,27.105630292071062
