Year-Month,Original Return (%),Z-Score,Adjusted Return (%),Adjustment
2021-08,39.53887684730309,3.7769578172977707,6.387283148216008,33.15159369908708
