Year-Month,Original Return (%),Z-Score,Adjusted Return (%),Adjustment
2024-12,42.28262135411713,3.4754970239975798,5.440206088592342,36.84241526552479
