Year-Month,Original Return (%),Z-Score,Adjusted Return (%),Adjustment
2021-02,59.35444670387105,4.286887123086517,7.5826247391278585,51.77182196474319
