Year-Month,Original Return (%),Z-Score,Adjusted Return (%),Adjustment
2023-11,40.08848052363538,3.0188542591779504,5.349914085632082,34.7385664380033
