Year-Month,Original Return (%),Z-Score,Adjusted Return (%),Adjustment
2021-05,64.96329023490028,4.5020302141663615,7.570707843671683,57.3925823912286
