Year-Month,Original Return (%),Z-Score,Adjusted Return (%),Adjustment
2021-05,37.283061597708425,3.2935857845749186,5.795217273953832,31.487844323754594
