Year-Month,Original Return (%),Z-Score,Adjusted Return (%),Adjustment
2021-01,68.09770091086158,5.323432947137727,5.811536628031058,62.28616428283052
