Year-Month,Original Return (%),Z-Score,Adjusted Return (%),Adjustment
2021-02,66.35699631839304,5.284551289600406,5.8856413994949515,60.47135491889809
