Year-Month,Original Return (%),Z-Score,Adjusted Return (%),Adjustment
2021-02,44.78491500379624,3.550843979659039,8.106981560449277,36.677933443346966
