Year-Month,Original Return (%),Z-Score,Adjusted Return (%),Adjustment
2021-02,88.67943741400698,6.108929913659318,6.07955448893006,82.59988292507693
