Year-Month,Original Return (%),Z-Score,Adjusted Return (%),Adjustment
2024-11,62.905691386898276,4.040832737377656,7.968551213106146,54.93714017379213
