Year-Month,Original Return (%),Z-Score,Adjusted Return (%),Adjustment
2021-02,45.708378841795394,3.1249260771829963,9.627377103259471,36.081001738535925
