Year-Month,Original Return (%),Z-Score,Adjusted Return (%),Adjustment
2021-01,46.24252713408341,4.12660742611169,7.0038808550397595,39.23864627904365
