Year-Month,Original Return (%),Z-Score,Adjusted Return (%),Adjustment
2021-02,66.97289055326495,4.983514011755302,6.820983990929869,60.15190656233508
