Year-Month,Original Return (%),Z-Score,Adjusted Return (%),Adjustment
2024-11,59.78819565905849,3.912176036320587,6.379703762998124,53.40849189606036
