Year-Month,Original Return (%),Z-Score,Adjusted Return (%),Adjustment
2021-05,64.96329023490028,4.473121218132097,8.093296943803642,56.86999329109664
