Year-Month,Original Return (%),Z-Score,Adjusted Return (%),Adjustment
2021-01,39.78820783830055,3.021755503559499,8.524065808284785,31.264142030015766
