Year-Month,Original Return (%),Z-Score,Adjusted Return (%),Adjustment
2021-02,54.826906462447276,4.131228164346045,7.4044964702485565,47.42240999219872
