Year-Month,Original Return (%),Z-Score,Adjusted Return (%),Adjustment
2021-05,44.515704353151705,3.281747459938458,9.398002711944772,35.117701641206935
