Year-Month,Original Return (%),Z-Score,Adjusted Return (%),Adjustment
2021-02,40.820493766068886,3.4459520254035776,6.683082185650062,34.13741158041882
