Year-Month,Original Return (%),Z-Score,Adjusted Return (%),Adjustment
2021-01,39.584884339943315,3.0825279347539074,6.267823492756461,33.31706084718685
