Year-Month,Original Return (%),Z-Score,Adjusted Return (%),Adjustment
2021-02,48.69631936521783,3.8467830138004695,7.5980624518281585,41.098256913389676
