Year-Month,Original Return (%),Z-Score,Adjusted Return (%),Adjustment
2024-11,62.90569138689817,3.973189904821357,8.111501674140005,54.79418971275817
