Year-Month,Original Return (%),Z-Score,Adjusted Return (%),Adjustment
2021-02,49.86310301599024,3.2761653672576623,9.162236277450614,40.70086673853963
