Year-Month,Original Return (%),Z-Score,Adjusted Return (%),Adjustment
2021-05,55.81804500572716,4.033507950807477,8.433277596536508,47.38476740919065
