Year-Month,Original Return (%),Z-Score,Adjusted Return (%),Adjustment
2021-08,44.13822221059098,3.483432437950303,7.073180688479533,37.06504152211145
