Year-Month,Original Return (%),Z-Score,Adjusted Return (%),Adjustment
2021-02,51.256712126160494,4.305116477642535,6.028395601804669,45.228316524355826
