Year-Month,Original Return (%),Z-Score,Adjusted Return (%),Adjustment
2021-02,44.435432438481804,3.2690891123442656,6.618926010429315,37.81650642805249
