Year-Month,Original Return (%),Z-Score,Adjusted Return (%),Adjustment
2024-03,62.92269109143718,3.783530027961325,10.417538698001122,52.505152393436056
