Year-Month,Original Return (%),Z-Score,Adjusted Return (%),Adjustment
2021-02,96.70428552132348,5.591744857228396,8.142092917071992,88.56219260425149
