Year-Month,Original Return (%),Z-Score,Adjusted Return (%),Adjustment
2020-11,48.451557948736145,4.137155147333085,8.273280560705135,40.178277388031006
