Year-Month,Original Return (%),Z-Score,Adjusted Return (%),Adjustment
2021-01,88.74272288082487,5.83353005878218,7.551982340113773,81.1907405407111
