Year-Month,Original Return (%),Z-Score,Adjusted Return (%),Adjustment
2024-12,56.005678002429505,4.104155939746423,8.05226322659557,47.953414775833934
