Year-Month,Original Return (%),Z-Score,Adjusted Return (%),Adjustment
2021-01,49.80999197549541,4.274080879275007,6.4552563724187575,43.35473560307665
