Year-Month,Original Return (%),Z-Score,Adjusted Return (%),Adjustment
2021-05,42.900716234817395,3.992324859975834,4.641243865957328,38.25947236886007
