Year-Month,Original Return (%),Z-Score,Adjusted Return (%),Adjustment
2021-03,44.91710428594671,3.025110440475589,7.481357849767338,37.43574643617937
