Year-Month,Original Return (%),Z-Score,Adjusted Return (%),Adjustment
2021-05,46.63432374326724,3.239256761725923,9.402642844992931,37.231680898274305
