Year-Month,Original Return (%),Z-Score,Adjusted Return (%),Adjustment
2021-01,79.56962873259468,5.139458843741168,8.237333233109677,71.332295499485
