Year-Month,Original Return (%),Z-Score,Adjusted Return (%),Adjustment
2021-01,34.82417450808191,3.970845731717036,5.463245579267826,29.360928928814083
