Year-Month,Original Return (%),Z-Score,Adjusted Return (%),Adjustment
2021-02,49.62881836566228,4.156398484633977,5.510755956997126,44.11806240866516
