Year-Month,Original Return (%),Z-Score,Adjusted Return (%),Adjustment
2021-01,59.33170680669222,3.648007215377409,11.335517464194286,47.99618934249793
