Year-Month,Original Return (%),Z-Score,Adjusted Return (%),Adjustment
2021-05,53.14473868721503,3.62364024020751,10.289259749528911,42.85547893768612
