Year-Month,Original Return (%),Z-Score,Adjusted Return (%),Adjustment
2024-12,38.555769154921514,3.439751952936043,6.584806989893503,31.970962165028013
