Year-Month,Original Return (%),Z-Score,Adjusted Return (%),Adjustment
2021-01,42.82695165372212,3.4979383545505587,6.125577285255601,36.70137436846652
