Year-Month,Original Return (%),Z-Score,Adjusted Return (%),Adjustment
2021-02,76.04688879163915,4.760832667058783,7.9086529248184325,68.13823586682072
