Year-Month,Original Return (%),Z-Score,Adjusted Return (%),Adjustment
2024-11,64.00165664921253,4.1437384747834605,7.422660144248607,56.578996504963925
