Year-Month,Original Return (%),Z-Score,Adjusted Return (%),Adjustment
2021-02,40.99177906703575,3.1474342990696,9.68119662891417,31.31058243812158
