Year-Month,Original Return (%),Z-Score,Adjusted Return (%),Adjustment
2021-02,37.11897325522055,3.001915273356056,8.835516481160102,28.28345677406045
