Year-Month,Original Return (%),Z-Score,Adjusted Return (%),Adjustment
2021-08,33.48617152628543,3.8071516292758427,4.356443850069321,29.12972767621611
