Year-Month,Original Return (%),Z-Score,Adjusted Return (%),Adjustment
2021-08,36.00438368896837,3.363207967596718,6.319769701872803,29.684613987095563
