Year-Month,Original Return (%),Z-Score,Adjusted Return (%),Adjustment
2021-01,51.691779813723215,3.9631312538030286,9.094787445000744,42.59699236872247
