Year-Month,Original Return (%),Z-Score,Adjusted Return (%),Adjustment
2021-02,26.60186745579405,3.0053415062419484,4.878532509938003,21.723334945856045
