Year-Month,Original Return (%),Z-Score,Adjusted Return (%),Adjustment
2021-05,44.48230228882826,3.4680573005174287,7.6539028698320335,36.82839941899623
