Year-Month,Original Return (%),Z-Score,Adjusted Return (%),Adjustment
2021-01,66.97185651604782,4.6165139716507735,7.440224717238036,59.531631798809784
