Year-Month,Original Return (%),Z-Score,Adjusted Return (%),Adjustment
2021-05,50.786100222975136,3.336606466032102,7.72902015046101,43.057080072514125
