Year-Month,Original Return (%),Z-Score,Adjusted Return (%),Adjustment
2024-12,36.044860438151424,3.3815769404668368,6.089834845798531,29.955025592352893
