Year-Month,Original Return (%),Z-Score,Adjusted Return (%),Adjustment
2021-08,41.098430658373395,3.419988510773229,7.812240478054439,33.286190180318954
