Year-Month,Original Return (%),Z-Score,Adjusted Return (%),Adjustment
2021-05,48.56441128291236,4.105736998565059,5.373659361623797,43.190751921288566
