Year-Month,Original Return (%),Z-Score,Adjusted Return (%),Adjustment
2021-01,43.643066380839436,4.06678442416423,7.401415355975619,36.24165102486381
