Year-Month,Original Return (%),Z-Score,Adjusted Return (%),Adjustment
2021-02,44.784915003796264,3.565242911871809,8.040705888283505,36.74420911551276
