Year-Month,Original Return (%),Z-Score,Adjusted Return (%),Adjustment
2024-11,64.00165664921249,4.215933913395772,8.024918018008481,55.976738631204014
