Year-Month,Original Return (%),Z-Score,Adjusted Return (%),Adjustment
2021-01,53.3169128604301,4.618636404363245,6.678350382338197,46.638562478091906
