Year-Month,Original Return (%),Z-Score,Adjusted Return (%),Adjustment
2021-04,60.494583241878594,3.0223349966721798,12.006104075607308,48.48847916627129
