Year-Month,Original Return (%),Z-Score,Adjusted Return (%),Adjustment
2021-01,36.96221623587967,3.514687002614909,6.918358218314665,30.043858017565007
