Year-Month,Original Return (%),Z-Score,Adjusted Return (%),Adjustment
2021-04,71.36433111552311,4.198460106944777,9.7591368194979,61.60519429602522
