Year-Month,Original Return (%),Z-Score,Adjusted Return (%),Adjustment
2021-01,44.897614927952326,4.126992165846946,8.492286800280075,36.40532812767225
