Year-Month,Original Return (%),Z-Score,Adjusted Return (%),Adjustment
2021-08,39.3670353397044,3.0685347102466793,7.2928943542883955,32.07414098541601
