Year-Month,Original Return (%),Z-Score,Adjusted Return (%),Adjustment
2021-05,57.60722728748468,4.884051461793066,6.632115699655267,50.97511158782942
