Year-Month,Original Return (%),Z-Score,Adjusted Return (%),Adjustment
2021-07,29.873045637070827,3.0795014881374656,4.757063835424847,25.11598180164598
