Year-Month,Original Return (%),Z-Score,Adjusted Return (%),Adjustment
2021-09,70.06495008146535,4.103225487099294,10.734143971434785,59.33080611003057
