Year-Month,Original Return (%),Z-Score,Adjusted Return (%),Adjustment
2021-01,52.28624200073075,3.1864740065035755,8.100248344512512,44.185993656218244
