Year-Month,Original Return (%),Z-Score,Adjusted Return (%),Adjustment
2021-05,51.113741700520656,3.520303776059172,10.056887896980967,41.05685380353969
