Year-Month,Original Return (%),Z-Score,Adjusted Return (%),Adjustment
2021-01,51.89902912956139,3.972359994323504,8.288045039064967,43.61098409049642
