Year-Month,Original Return (%),Z-Score,Adjusted Return (%),Adjustment
2021-04,33.4591185284119,3.038440536505249,6.623325633205346,26.835792895206552
