Year-Month,Original Return (%),Z-Score,Adjusted Return (%),Adjustment
2021-02,71.39173540985675,5.222934335593609,7.196803225234055,64.1949321846227
