Year-Month,Original Return (%),Z-Score,Adjusted Return (%),Adjustment
2021-02,44.78491500379622,3.661311054075545,7.9486499867848455,36.83626501701138
