Year-Month,Original Return (%),Z-Score,Adjusted Return (%),Adjustment
2024-11,64.0016566492125,4.042337465483711,7.909607738473736,56.09204891073877
