Year-Month,Original Return (%),Z-Score,Adjusted Return (%),Adjustment
2021-02,42.3296918849589,3.1619733152730243,10.24463264172037,32.085059243238526
