Year-Month,Original Return (%),Z-Score,Adjusted Return (%),Adjustment
2021-02,47.74736526721737,4.001880240120076,6.03064831134039,41.716716955876976
