Year-Month,Original Return (%),Z-Score,Adjusted Return (%),Adjustment
2021-02,39.94822931850257,3.135331002830592,9.277751014660005,30.670478303842565
