Year-Month,Original Return (%),Z-Score,Adjusted Return (%),Adjustment
2021-05,45.96670642290495,3.1383681667792827,6.9856549547890765,38.98105146811587
