Year-Month,Original Return (%),Z-Score,Adjusted Return (%),Adjustment
2021-08,33.55688579825256,3.543508693847979,4.035157921838806,29.521727876413753
