Year-Month,Original Return (%),Z-Score,Adjusted Return (%),Adjustment
2021-01,56.90103863971498,5.151322882488476,5.512882516388895,51.38815612332609
